{
  "name": "angular-cookies",
  "version": "1.3.13",
  "main": "./angular-cookies.js",
  "ignore": [],
  "dependencies": {
    "angular": "1.3.13"
  },
  "homepage": "https://github.com/angular/bower-angular-cookies",
  "_release": "1.3.13",
  "_resolution": {
    "type": "version",
    "tag": "v1.3.13",
    "commit": "97277f6a7f1c0135e45d3880b813699349b6efa4"
  },
  "_source": "git://github.com/angular/bower-angular-cookies.git",
  "_target": "~1.3.13",
  "_originalSource": "angular-cookies",
  "_direct": true
}